[{"model": "admin.logentry", "pk": 1, "fields": {"action_time": "2021-07-02T11:36:46.677Z", "user": 1, "content_type": 7, "object_id": "1", "object_repr": "xcherry.example.com", "action_flag": 2, "change_message": "[{\"changed\": {\"fields\": [\"Domain name\", \"Display name\"]}}]"}}, {"model": "admin.logentry", "pk": 2, "fields": {"action_time": "2021-07-05T14:08:32.941Z", "user": 1, "content_type": 13, "object_id": "1", "object_repr": "clothing", "action_flag": 1, "change_message": "[{\"added\": {}}]"}}, {"model": "admin.logentry", "pk": 3, "fields": {"action_time": "2021-07-05T14:09:18.046Z", "user": 1, "content_type": 13, "object_id": "2", "object_repr": "boxing_gear", "action_flag": 1, "change_message": "[{\"added\": {}}]"}}, {"model": "admin.logentry", "pk": 4, "fields": {"action_time": "2021-07-05T14:09:46.628Z", "user": 1, "content_type": 13, "object_id": "3", "object_repr": "training_gear", "action_flag": 1, "change_message": "[{\"added\": {}}]"}}, {"model": "admin.logentry", "pk": 5, "fields": {"action_time": "2021-07-05T14:32:47.930Z", "user": 1, "content_type": 14, "object_id": "1", "object_repr": "Lonsdale Contender Mens Boxing Boots", "action_flag": 1, "change_message": "[{\"added\": {}}]"}}, {"model": "admin.logentry", "pk": 6, "fields": {"action_time": "2021-07-05T15:00:48.367Z", "user": 1, "content_type": 14, "object_id": "1", "object_repr": "Lonsdale Contender Mens Boxing Boots", "action_flag": 2, "change_message": "[]"}}, {"model": "admin.logentry", "pk": 7, "fields": {"action_time": "2021-07-05T15:06:57.395Z", "user": 1, "content_type": 14, "object_id": "2", "object_repr": "Everlast Pro Training Gloves", "action_flag": 1, "change_message": "[{\"added\": {}}]"}}, {"model": "admin.logentry", "pk": 8, "fields": {"action_time": "2021-07-06T13:19:10.026Z", "user": 1, "content_type": 13, "object_id": "3", "object_repr": "training_gear", "action_flag": 3, "change_message": ""}}, {"model": "admin.logentry", "pk": 9, "fields": {"action_time": "2021-07-06T13:19:10.060Z", "user": 1, "content_type": 13, "object_id": "2", "object_repr": "boxing_gear", "action_flag": 3, "change_message": ""}}, {"model": "admin.logentry", "pk": 10, "fields": {"action_time": "2021-07-06T13:19:10.091Z", "user": 1, "content_type": 13, "object_id": "1", "object_repr": "clothing", "action_flag": 3, "change_message": ""}}, {"model": "admin.logentry", "pk": 11, "fields": {"action_time": "2021-07-06T13:20:03.369Z", "user": 1, "content_type": 13, "object_id": "4", "object_repr": "compressions`", "action_flag": 1, "change_message": "[{\"added\": {}}]"}}, {"model": "admin.logentry", "pk": 12, "fields": {"action_time": "2021-07-06T13:20:24.236Z", "user": 1, "content_type": 13, "object_id": "4", "object_repr": "compressions`", "action_flag": 3, "change_message": ""}}, {"model": "admin.logentry", "pk": 13, "fields": {"action_time": "2021-07-06T13:20:47.065Z", "user": 1, "content_type": 13, "object_id": "5", "object_repr": "compressions", "action_flag": 1, "change_message": "[{\"added\": {}}]"}}, {"model": "admin.logentry", "pk": 14, "fields": {"action_time": "2021-07-06T13:21:20.069Z", "user": 1, "content_type": 13, "object_id": "6", "object_repr": "t_shirts", "action_flag": 1, "change_message": "[{\"added\": {}}]"}}, {"model": "admin.logentry", "pk": 15, "fields": {"action_time": "2021-07-06T13:21:43.846Z", "user": 1, "content_type": 13, "object_id": "7", "object_repr": "shorts", "action_flag": 1, "change_message": "[{\"added\": {}}]"}}, {"model": "admin.logentry", "pk": 16, "fields": {"action_time": "2021-07-06T13:22:17.701Z", "user": 1, "content_type": 13, "object_id": "8", "object_repr": "gloves", "action_flag": 1, "change_message": "[{\"added\": {}}]"}}, {"model": "admin.logentry", "pk": 17, "fields": {"action_time": "2021-07-06T13:22:43.028Z", "user": 1, "content_type": 13, "object_id": "9", "object_repr": "head_guard", "action_flag": 1, "change_message": "[{\"added\": {}}]"}}, {"model": "admin.logentry", "pk": 18, "fields": {"action_time": "2021-07-06T13:23:06.039Z", "user": 1, "content_type": 13, "object_id": "10", "object_repr": "protective_gear", "action_flag": 1, "change_message": "[{\"added\": {}}]"}}, {"model": "admin.logentry", "pk": 19, "fields": {"action_time": "2021-07-06T13:23:42.896Z", "user": 1, "content_type": 13, "object_id": "11", "object_repr": "skipping_ropes", "action_flag": 1, "change_message": "[{\"added\": {}}]"}}, {"model": "admin.logentry", "pk": 20, "fields": {"action_time": "2021-07-06T13:24:05.223Z", "user": 1, "content_type": 13, "object_id": "12", "object_repr": "boxing_bag", "action_flag": 1, "change_message": "[{\"added\": {}}]"}}, {"model": "admin.logentry", "pk": 21, "fields": {"action_time": "2021-07-06T13:24:34.402Z", "user": 1, "content_type": 13, "object_id": "13", "object_repr": "speed_bag_platform", "action_flag": 1, "change_message": "[{\"added\": {}}]"}}, {"model": "admin.logentry", "pk": 22, "fields": {"action_time": "2021-07-06T13:32:23.375Z", "user": 1, "content_type": 14, "object_id": "3", "object_repr": "Everlast Pro Training Gloves", "action_flag": 1, "change_message": "[{\"added\": {}}]"}}, {"model": "admin.logentry", "pk": 23, "fields": {"action_time": "2021-07-06T13:34:58.259Z", "user": 1, "content_type": 14, "object_id": "2", "object_repr": "Everlast Pro Training Gloves", "action_flag": 2, "change_message": "[{\"changed\": {\"fields\": [\"Category\"]}}]"}}, {"model": "admin.logentry", "pk": 24, "fields": {"action_time": "2021-07-06T13:35:13.890Z", "user": 1, "content_type": 14, "object_id": "1", "object_repr": "Lonsdale Contender Mens Boxing Boots", "action_flag": 2, "change_message": "[]"}}, {"model": "admin.logentry", "pk": 25, "fields": {"action_time": "2021-07-06T13:38:13.559Z", "user": 1, "content_type": 14, "object_id": "2", "object_repr": "Everlast Pro Training Gloves", "action_flag": 2, "change_message": "[]"}}, {"model": "admin.logentry", "pk": 26, "fields": {"action_time": "2021-07-06T13:39:54.730Z", "user": 1, "content_type": 14, "object_id": "2", "object_repr": "Everlast Pro Training Gloves", "action_flag": 2, "change_message": "[]"}}, {"model": "admin.logentry", "pk": 27, "fields": {"action_time": "2021-07-06T13:40:45.253Z", "user": 1, "content_type": 14, "object_id": "2", "object_repr": "Everlast Pro Training Gloves", "action_flag": 2, "change_message": "[]"}}, {"model": "admin.logentry", "pk": 28, "fields": {"action_time": "2021-07-06T13:43:06.036Z", "user": 1, "content_type": 14, "object_id": "4", "object_repr": "Everlast Pro Training Gloves", "action_flag": 1, "change_message": "[{\"added\": {}}]"}}, {"model": "admin.logentry", "pk": 29, "fields": {"action_time": "2021-07-06T18:52:39.043Z", "user": 1, "content_type": 14, "object_id": "5", "object_repr": "Lonsdale Boxing Vest Top Mens", "action_flag": 1, "change_message": "[{\"added\": {}}]"}}, {"model": "admin.logentry", "pk": 30, "fields": {"action_time": "2021-07-06T18:57:48.315Z", "user": 1, "content_type": 14, "object_id": "5", "object_repr": "Lonsdale Boxing Vest Top Mens", "action_flag": 2, "change_message": "[{\"changed\": {\"fields\": [\"Description\"]}}]"}}, {"model": "admin.logentry", "pk": 31, "fields": {"action_time": "2021-07-06T19:04:59.609Z", "user": 1, "content_type": 14, "object_id": "6", "object_repr": "Under Armour HeatGear Core Long Sleeve Baselayer Mens", "action_flag": 1, "change_message": "[{\"added\": {}}]"}}, {"model": "admin.logentry", "pk": 32, "fields": {"action_time": "2021-07-06T19:07:13.178Z", "user": 1, "content_type": 14, "object_id": "7", "object_repr": "Lonsdale Box Lightweight Shorts Mens", "action_flag": 1, "change_message": "[{\"added\": {}}]"}}, {"model": "admin.logentry", "pk": 33, "fields": {"action_time": "2021-07-06T19:59:29.173Z", "user": 1, "content_type": 14, "object_id": "8", "object_repr": "Everlast Evercool Headgear", "action_flag": 1, "change_message": "[{\"added\": {}}]"}}, {"model": "admin.logentry", "pk": 34, "fields": {"action_time": "2021-07-06T20:01:54.680Z", "user": 1, "content_type": 14, "object_id": "9", "object_repr": "Everlast Mouthguard", "action_flag": 1, "change_message": "[{\"added\": {}}]"}}, {"model": "admin.logentry", "pk": 35, "fields": {"action_time": "2021-07-06T20:03:51.399Z", "user": 1, "content_type": 14, "object_id": "10", "object_repr": "Everlast Protective Cup", "action_flag": 1, "change_message": "[{\"added\": {}}]"}}, {"model": "admin.logentry", "pk": 36, "fields": {"action_time": "2021-07-06T20:06:45.058Z", "user": 1, "content_type": 14, "object_id": "11", "object_repr": "Everlast Everhide Speed Bag Adults", "action_flag": 1, "change_message": "[{\"added\": {}}]"}}, {"model": "admin.logentry", "pk": 37, "fields": {"action_time": "2021-07-06T20:09:56.456Z", "user": 1, "content_type": 14, "object_id": "12", "object_repr": "Lonsdale Club Skipping Rope", "action_flag": 1, "change_message": "[{\"added\": {}}]"}}, {"model": "admin.logentry", "pk": 38, "fields": {"action_time": "2021-07-06T20:13:58.716Z", "user": 1, "content_type": 14, "object_id": "13", "object_repr": "Geezers Fixed Speedball Platform", "action_flag": 1, "change_message": "[{\"added\": {}}]"}}, {"model": "admin.logentry", "pk": 39, "fields": {"action_time": "2021-07-07T20:23:52.076Z", "user": 1, "content_type": 14, "object_id": "5", "object_repr": "Lonsdale Boxing Vest Top Mens", "action_flag": 2, "change_message": "[]"}}, {"model": "admin.logentry", "pk": 40, "fields": {"action_time": "2021-07-13T12:16:34.067Z", "user": 1, "content_type": 17, "object_id": "1", "object_repr": "B8A38BAE35D94E9AAEECAD93E6A498F0", "action_flag": 2, "change_message": "[{\"deleted\": {\"name\": \"order line item\", \"object\": \"SKU GUM-MED-PIN-PRO on order B8A38BAE35D94E9AAEECAD93E6A498F0\"}}]"}}, {"model": "admin.logentry", "pk": 41, "fields": {"action_time": "2021-07-13T12:17:41.982Z", "user": 1, "content_type": 17, "object_id": "1", "object_repr": "B8A38BAE35D94E9AAEECAD93E6A498F0", "action_flag": 3, "change_message": ""}}, {"model": "admin.logentry", "pk": 42, "fields": {"action_time": "2021-07-13T12:19:46.240Z", "user": 1, "content_type": 17, "object_id": "2", "object_repr": "32DE78868EA44BCD99E98B4E71BE5636", "action_flag": 2, "change_message": "[{\"changed\": {\"name\": \"order line item\", \"object\": \"SKU TSH-MED-BLK-COT on order 32DE78868EA44BCD99E98B4E71BE5636\", \"fields\": [\"Quantity\"]}}]"}}, {"model": "admin.logentry", "pk": 43, "fields": {"action_time": "2021-07-13T12:19:57.638Z", "user": 1, "content_type": 17, "object_id": "2", "object_repr": "32DE78868EA44BCD99E98B4E71BE5636", "action_flag": 2, "change_message": "[{\"changed\": {\"name\": \"order line item\", \"object\": \"SKU TSH-MED-BLK-COT on order 32DE78868EA44BCD99E98B4E71BE5636\", \"fields\": [\"Quantity\"]}}]"}}, {"model": "admin.logentry", "pk": 44, "fields": {"action_time": "2021-07-13T12:20:23.421Z", "user": 1, "content_type": 17, "object_id": "2", "object_repr": "32DE78868EA44BCD99E98B4E71BE5636", "action_flag": 2, "change_message": "[{\"added\": {\"name\": \"order line item\", \"object\": \"SKU CUP-MED-WHI-PRO on order 32DE78868EA44BCD99E98B4E71BE5636\"}}]"}}, {"model": "admin.logentry", "pk": 45, "fields": {"action_time": "2021-07-13T12:20:55.489Z", "user": 1, "content_type": 17, "object_id": "2", "object_repr": "32DE78868EA44BCD99E98B4E71BE5636", "action_flag": 2, "change_message": "[{\"deleted\": {\"name\": \"order line item\", \"object\": \"SKU TSH-MED-BLK-COT on order 32DE78868EA44BCD99E98B4E71BE5636\"}}, {\"deleted\": {\"name\": \"order line item\", \"object\": \"SKU CUP-MED-WHI-PRO on order 32DE78868EA44BCD99E98B4E71BE5636\"}}]"}}, {"model": "admin.logentry", "pk": 46, "fields": {"action_time": "2021-07-13T12:21:05.211Z", "user": 1, "content_type": 17, "object_id": "2", "object_repr": "32DE78868EA44BCD99E98B4E71BE5636", "action_flag": 3, "change_message": ""}}, {"model": "admin.logentry", "pk": 47, "fields": {"action_time": "2021-07-20T13:41:21.662Z", "user": 1, "content_type": 14, "object_id": "16", "object_repr": "test4", "action_flag": 3, "change_message": ""}}, {"model": "admin.logentry", "pk": 48, "fields": {"action_time": "2021-07-20T13:41:21.690Z", "user": 1, "content_type": 14, "object_id": "15", "object_repr": "tes3", "action_flag": 3, "change_message": ""}}, {"model": "admin.logentry", "pk": 49, "fields": {"action_time": "2021-07-20T13:41:21.733Z", "user": 1, "content_type": 14, "object_id": "14", "object_repr": "test1", "action_flag": 3, "change_message": ""}}, {"model": "admin.logentry", "pk": 50, "fields": {"action_time": "2021-07-25T11:50:09.204Z", "user": 1, "content_type": 14, "object_id": "24", "object_repr": "Elite Head Gaurd Mens", "action_flag": 1, "change_message": "[{\"added\": {}}]"}}, {"model": "auth.user", "pk": 1, "fields": {"password": "pbkdf2_sha256$260000$SS4TswRPStmAknGQD6DNNf$TIusjIUyEhLvRFAjJjpIlfcPVaskvm/siJdK+6LIf8o=", "last_login": "2021-07-25T11:27:35.451Z", "is_superuser": true, "username": "andrius-siup", "first_name": "", "last_name": "", "email": "andrius.siupinys@gmail.com", "is_staff": true, "is_active": true, "date_joined": "2021-07-02T11:03:59.818Z", "groups": [], "user_permissions": []}}, {"model": "auth.user", "pk": 2, "fields": {"password": "pbkdf2_sha256$260000$2bC4bDVdkio8EdGPNvyqWG$a1VYMBKTB8oiYyfeVZ3Ik3QYqmKFfvoNIIdvG0BsfoM=", "last_login": "2021-07-20T15:41:55.185Z", "is_superuser": false, "username": "test123", "first_name": "", "last_name": "", "email": "test@test.com", "is_staff": false, "is_active": true, "date_joined": "2021-07-16T14:13:11.732Z", "groups": [], "user_permissions": []}}, {"model": "sessions.session", "pk": "2sph0dafd7aqi9zu5q8t5w4avkpmlx2k", "fields": {"session_data": ".eJxVjEEOwiAQRe8ya0OYllLo0r1nIEMZLWqggTbRGO-uTbrp9r_3_gdc5VpjTo5fcyxvGOQJHK3L5NbKxcUAAyAcNk_jg9MGwp3SLYsxp6VELzZF7LSKSw78PO_u4WCiOv1rRahD6Nk2VluWum-U9IQ8trIjezVWIWttiBQ1bCVi6JRulUc0BqmX8P0B9Ws-GA:1lzHwD:6SWcGuLl95e8D9WZnYIs99PqUWiNisVKFGzlTgrMiT0", "expire_date": "2021-07-16T12:06:29.559Z"}}, {"model": "sessions.session", "pk": "dcky0ai1flgrmacfgn9snodmqt8t15id", "fields": {"session_data": "eyJiYWciOnsiMTMiOjEsIjEyIjoxLCIxMSI6MX19:1m1oo5:OKE1_UBTVkkydBavHmLF7p-f0ACJqjgFoAw4o8TNgqg", "expire_date": "2021-07-23T11:36:33.490Z"}}, {"model": "sessions.session", "pk": "i1a9vpaxb84g0h9ii6gpxfoclgiwzo74", "fields": {"session_data": ".eJyrVkpKTFeyqlYyAxGZJam5xfFJlfHFmVWpIIFcJSvD2lodJXOsshXFQGkdpRyoIkNDMAMAa4waMA:1m1Sd9:wrzC3eckeLEJgXnpQoxvAMU9yO3bqEFiJ10Jvik_Zbg", "expire_date": "2021-07-22T11:55:47.258Z"}}, {"model": "sessions.session", "pk": "jooer2wuzateg27oauhjbscg9khil2u2", "fields": {"session_data": "eyJiYWciOnsiMTMiOjQsIjMiOnsiaXRlbXNfYnlfc2l6ZSI6eyJtIjoxfX19fQ:1m1oYZ:9KZkrwudqpUFEPt_depoXlxdI2uepu-aKWkby5id7fM", "expire_date": "2021-07-23T11:20:31.845Z"}}, {"model": "sessions.session", "pk": "okng4b7rc1413o58dlbfwhzqu2shx1qt", "fields": {"session_data": "eyJzYXZlX2luZm8iOmZhbHNlfQ:1m3h1u:Hl-oSRASa5-4ziEzU2oNkLGcb0_ohLeDQaLyT3bFQDE", "expire_date": "2021-07-28T15:42:34.340Z"}}, {"model": "sessions.session", "pk": "sgfnq3mv8jr7blbkah5me66il1vdsg09", "fields": {"session_data": ".eJxVjMsOwiAQRf-FtSHlMVK6dO83kIEZLWrAlDbRGP9dm3Sh23vOPS8RcJnHsDSeQiYxCC12v1vEdOWyArpgOVeZapmnHOWqyI02eazEt8Pm_gVGbOP3HQGZOk1oEtiObGJvDYAHIqdR925PoJjYKXAqmaiNVd5A7E3ieNJ-jTZuLdcS-HHP01MM3fsDke4_Cw:1m5rsZ:-eSkLNhqZplOUn81EqA2RtNhDe4wglCq6EIn76inbhg", "expire_date": "2021-08-03T15:41:55.417Z"}}, {"model": "sessions.session", "pk": "sha7nj4ppqsuvrrr1i50rqvgdku70mzh", "fields": {"session_data": ".eJyrVkpKTFeyqlYyBRGZJam5xfFJlfHFmVWpIIFcJSuj2lodJUtcsoa1QAAAGBIXMA:1m1aZb:-ux8sB15-AjTxU4Yf-q2wo21shz82jD6GTP6kUEjBZQ", "expire_date": "2021-07-22T20:24:39.801Z"}}, {"model": "sessions.session", "pk": "t5zfu0ar8ws057xk4i072om1t3w8gojz", "fields": {"session_data": "eyJiYWciOnsiMTEiOjEsIjEzIjozfX0:1m1omv:2Fo1uNBzH8jpDPHQSiDieXkrJrbOLHBK2EC_iQ0AAIU", "expire_date": "2021-07-23T11:35:21.033Z"}}, {"model": "sessions.session", "pk": "xcy5zu484tis99i4crxk0owlauy37s33", "fields": {"session_data": ".eJxVjEEOwiAQRe_C2pApWAtduvcMZGAGQQ2Y0iYa4921SRe6_e_99xIOlzm5pfHkMolRdGL3u3kMVy4roAuWc5WhlnnKXq6K3GiTp0p8O27uXyBhS983UkdRazLEnvUhQD-AgkgYWameyED07NWA0QbwDMpag9GoPRAHg3aNNm4t1-L4cc_TU4zw_gDgWkCG:1m7ce1:3ITVktY4uGE9RWtSGFJvc4VuxSYdpyL2Ldp20tS53Io", "expire_date": "2021-08-08T11:50:09.363Z"}}, {"model": "sessions.session", "pk": "ydi29zx2qy1g3temq71fhap43npod4ir", "fields": {"session_data": "e30:1m4OXI:iZo3KTVEUy2HdGI17m9HDQljWRLwdvVao1AiDNCFMpc", "expire_date": "2021-07-30T14:09:52.295Z"}}, {"model": "sites.site", "pk": 1, "fields": {"domain": "xcherry.example.com", "name": "x Cherry"}}, {"model": "account.emailaddress", "pk": 1, "fields": {"user": 1, "email": "andrius.siupinys@gmail.com", "verified": true, "primary": true}}, {"model": "account.emailaddress", "pk": 2, "fields": {"user": 2, "email": "test@test.com", "verified": true, "primary": true}}, {"model": "products.category", "pk": 5, "fields": {"name": "compressions", "friendly_name": "Compressions"}}, {"model": "products.category", "pk": 6, "fields": {"name": "t_shirts", "friendly_name": "T-Shirts"}}, {"model": "products.category", "pk": 7, "fields": {"name": "shorts", "friendly_name": "Shorts"}}, {"model": "products.category", "pk": 8, "fields": {"name": "gloves", "friendly_name": "Gloves"}}, {"model": "products.category", "pk": 9, "fields": {"name": "head_guard", "friendly_name": "Head Guard"}}, {"model": "products.category", "pk": 10, "fields": {"name": "protective_gear", "friendly_name": "Protective Gear"}}, {"model": "products.category", "pk": 11, "fields": {"name": "skipping_ropes", "friendly_name": "Skipping Ropes"}}, {"model": "products.category", "pk": 12, "fields": {"name": "boxing_bag", "friendly_name": "Boxing Bag"}}, {"model": "products.category", "pk": 13, "fields": {"name": "speed_bag_platform", "friendly_name": "Speed Bag Platform"}}, {"model": "products.product", "pk": 2, "fields": {"category": 8, "sku": "TSH-MED-BLK-COT", "name": "Everlast Pro Training Gloves", "description": "The Everlast Pro Training Gloves incorporate closed cell foam technology for superior hand protection and Evercool mesh ventilation panels keep your hands cool so you can train harder and longer.", "has_sizes": true, "price": "16.99", "rating": "5.00", "image_url": "https://images.sportsdirect.com/images/products/76208603_l.jpg", "image": "76208603_l.webp"}}, {"model": "products.product", "pk": 3, "fields": {"category": 8, "sku": "GLO-MED-RED-LEA", "name": "Everlast Pro Training Gloves", "description": "The Everlast Pro Training Gloves incorporate closed cell foam technology for superior hand protection and Evercool mesh ventilation panels keep your hands cool so you can train harder and longer.", "has_sizes": true, "price": "16.99", "rating": "5.00", "image_url": "https://images.sportsdirect.com/images/products/76208608_l.jpg", "image": "76208608_l.jpg"}}, {"model": "products.product", "pk": 4, "fields": {"category": 8, "sku": "GLO-MED-PIN-LEA", "name": "Everlast Pro Training Gloves", "description": "The Everlast Pro Training Gloves incorporate closed cell foam technology for superior hand protection and Evercool mesh ventilation panels keep your hands cool so you can train harder and longer.", "has_sizes": true, "price": "16.99", "rating": "5.00", "image_url": "https://images.sportsdirect.com/images/products/76208606_l.jpg", "image": "76208606_l.webp"}}, {"model": "products.product", "pk": 5, "fields": {"category": 6, "sku": "VET-MED-NAV-COT", "name": "Lonsdale Boxing Vest Top Mens", "description": "This Mens Lonsdale Boxing Vest Top has a scooped neck and sleeveless design for a comfortable and relaxed fit, whilst the printed design on the chest completes the impressive look.\r\n\r\n Men's Sleeveless Top\r\n\r\n Scooped neck\r\n\r\n Lightweight\r\n\r\n Regular fit\r\n\r\n Soft touch material\r\n Lonsdale branding\r\n 90% Cotton/ 10% Viscose\r\n> Machine washable\r\n> Keep away from fire", "has_sizes": true, "price": "3.99", "rating": "4.10", "image_url": "https://images.sportsdirect.com/images/products/63224922_l.jpg", "image": "63224922_l.webp"}}, {"model": "products.product", "pk": 6, "fields": {"category": 5, "sku": "HEA-MED-BLA-POL", "name": "Under Armour HeatGear Core Long Sleeve Baselayer Mens", "description": "This Under Armour HeatGear Core Long Sleeve Baselayer is crafted with long sleeves and a round neck and displays flat lock seams to offer you great comfort that does not irritate or chafe. HeatGear technology assists in keeping you cool and dry by drawing sweat away from the body. Under Armour branding completes the look.\r\n\r\n> Please note: The style you receive may vary from the image shown\r\n\r\n> Baselayer\r\n> Round neck\r\n> Long sleeves\r\n> Flatlock seams\r\n> HeatGear technology\r\n> Under Armour branding\r\n> 84% polyester, 16% elastane\r\n> Machine washable", "has_sizes": true, "price": "22.00", "rating": "4.50", "image_url": "https://images.sportsdirect.com/images/products/42750003_l.jpg", "image": "42750003_l.webp"}}, {"model": "products.product", "pk": 7, "fields": {"category": 7, "sku": "SHO-MED-GRE-COT", "name": "Lonsdale Box Lightweight Shorts Mens", "description": "The classic Lonsdale Box Lightweight Shorts provides a comfortable fit thanks to the lightweight construction, elasticated waist and drawstring fastening, complete with the 2 pockets for improved storage and Lonsdale branding for a great look.\r\n\r\n> Please note: The style you receive may vary from the image shown.\r\n\r\n> Mens Shorts\r\n> Elasticated waist\r\n> Drawstring\r\n> Regular fit\r\n> True to size\r\n> Classic\r\n> Breathable\r\n> Lightweight\r\n> 2 pockets\r\n> Lonsdale branding\r\n> 60% cotton, 40% polyester\r\n> Machine washable at 30 Degrees\r\n> Keep away from fire", "has_sizes": true, "price": "8.00", "rating": "4.80", "image_url": "https://images.sportsdirect.com/images/products/63224425_l.jpg", "image": "63224425_l.jpg"}}, {"model": "products.product", "pk": 8, "fields": {"category": 9, "sku": "HEL-MED-BLA-PRO", "name": "Everlast Evercool Headgear", "description": "Stay protected with the Everlast Evercool Headgear. They benefit from the EVERCOOL and EVERDRI technology to help keep your head cool and wicks sweat away from the skin. Features closed cell technology for maximum protection for your head and is complete with Everlast branding to the front.", "has_sizes": true, "price": "22.99", "rating": "4.50", "image_url": "https://images.sportsdirect.com/images/products/76046903_l.jpg", "image": "76046903_l.jpg"}}, {"model": "products.product", "pk": 9, "fields": {"category": 10, "sku": "GUM-MED-PIN-PRO", "name": "Everlast Mouthguard", "description": "The Everlast mouthguard is a must-have when participating in contact sports. Constructed from a moulding material for a custom precise fit to allow you to focus on the game. Complete with Everlast branding on the front.", "has_sizes": true, "price": "4.99", "rating": "3.80", "image_url": "https://images.sportsdirect.com/images/products/76048732_l.jpg", "image": "76048732_l.jpg"}}, {"model": "products.product", "pk": 10, "fields": {"category": 10, "sku": "CUP-MED-WHI-PRO", "name": "Everlast Protective Cup", "description": "Optimise your comfort with this Everlast Protective Cup. Crafted from a soft cotton fabric, this piece feature an elasticated waistband with flat lock seams for comfort and Everlast branding on the waistband to complete the look.\r\n\r\n• Jock Strap\r\n• Elasticated waistband\r\n• Low rise\r\n• Regular fit\r\n• Flat lock seams\r\n• Everlast branding\r\n• Pure cotton construction\r\n• Machine washable\r\n• Keep away from fire", "has_sizes": true, "price": "4.99", "rating": "4.80", "image_url": "https://images.sportsdirect.com/images/products/76049201_l.jpg", "image": "76049201_l.jpg"}}, {"model": "products.product", "pk": 11, "fields": {"category": 12, "sku": "BAG-SMA-BLC-LET", "name": "Everlast Everhide Speed Bag Adults", "description": "This Everlast Everhide Speed Bag is constructed with reinforced seams for lasting durability and is balanced for accurate rebounds while training. Built for any speed bag workout, the design is complete with Everlast branding.\r\n\r\n> Speed bag\r\n> Reinforced seams\r\n> Balanced\r\n> Everlast branding", "has_sizes": false, "price": "16.99", "rating": "5.00", "image_url": "https://images.sportsdirect.com/images/products/76207303_l.jpg", "image": "76207303_l.jpg"}}, {"model": "products.product", "pk": 12, "fields": {"category": 11, "sku": "SKI-SMA-BLA-PLA", "name": "Lonsdale Club Skipping Rope", "description": "The Lonsdale Club Skipping Rope has been designed with a 9ft nylon rope that is ideal for fitness and speed training. This Lonsdale skipping rope also comes with slimline moulded plastic handles for ease of use.\r\n\r\n> Please note: The style you receive may vary from the image shown.\r\n\r\n> Boxing skipping rope\r\n> 9 ft\r\n> Soft nylon rope\r\n> Moulded plastic handles", "has_sizes": false, "price": "4.00", "rating": "3.90", "image_url": "https://images.sportsdirect.com/images/products/76113703_l.jpg", "image": "76113703_l.webp"}}, {"model": "products.product", "pk": 13, "fields": {"category": 13, "sku": "G3090", "name": "Geezers Fixed Speedball Platform", "description": "Geezers Fixed Speedball Platform - A heavy-duty moulded edge MDF platform is used to ensure accurate re-bounds.\r\n\r\nSwivel Included.", "has_sizes": false, "price": "69.99", "rating": "4.00", "image_url": "https://www.geezersboxing.co.uk/media/catalog/product/cache/7c15e0ccb039501162251f91fa59928b/g/e/geezers_fixed_speedball_platform.jpg", "image": "geezers_fixed_speedball_platform.jpg"}}, {"model": "products.product", "pk": 24, "fields": {"category": 9, "sku": "HEA-MED-RED-POL", "name": "Elite Head Gaurd Mens", "description": "Everlast Elite Head Gaurd Mens\r\nFeaturing a premium leather construction with a soft leather liner that absorbs sweat and prevents shifting, designed to provide a second skin like fit while also giving fantastic comfort and protection, the shape has also been engineered for exceptional visbility. Evershield technology and protective padding reinforces safety for training and sparring, completed with the Everlast branding.", "has_sizes": true, "price": "99.99", "rating": "4.90", "image_url": "https://images.sportsdirect.com/images/products/76202208_l.jpg", "image": "76202208_l.jpg"}}, {"model": "checkout.order", "pk": 3, "fields": {"order_number": "7EB3A2614F7D4ED9AA83CA7331BC8227", "user_profile": null, "full_name": "test", "email": "test@test.com", "phone_number": "1234567890", "country": "Barbados", "postcode": "12345", "town_or_city": "anywhere", "street_address1": "anywhere", "street_address2": "None", "county": "anywhere", "date": "2021-07-13T13:10:46.910Z", "delivery_cost": "1.70", "order_total": "16.99", "grand_total": "18.69", "original_bag": "", "stripe_pid": ""}}, {"model": "checkout.order", "pk": 4, "fields": {"order_number": "283C5BCEA66C4F38A43C7A23114912C6", "user_profile": null, "full_name": "test", "email": "test@test.com", "phone_number": "1234567890", "country": "Barbados", "postcode": "12345", "town_or_city": "anywhere", "street_address1": "anywhere", "street_address2": "None", "county": "anywhere", "date": "2021-07-13T13:12:44.109Z", "delivery_cost": "0.00", "order_total": "67.96", "grand_total": "67.96", "original_bag": "", "stripe_pid": ""}}, {"model": "checkout.order", "pk": 5, "fields": {"order_number": "8317F737D96F4C018B9FD62290A32543", "user_profile": null, "full_name": "test", "email": "test@test.com", "phone_number": "1234567890", "country": "Barbados", "postcode": "12345", "town_or_city": "anywhere", "street_address1": "anywhere", "street_address2": "None", "county": "anywhere", "date": "2021-07-13T13:17:35.619Z", "delivery_cost": "2.39", "order_total": "23.94", "grand_total": "26.33", "original_bag": "", "stripe_pid": ""}}, {"model": "checkout.order", "pk": 6, "fields": {"order_number": "F2D1C973AD0F40E3868AC2F73D26F148", "user_profile": null, "full_name": "test", "email": "test@test.com", "phone_number": "1234567890", "country": "Barbados", "postcode": "12345", "town_or_city": "anywhere", "street_address1": "anywhere", "street_address2": "None", "county": "anywhere", "date": "2021-07-13T13:19:07.202Z", "delivery_cost": "4.60", "order_total": "45.98", "grand_total": "50.58", "original_bag": "", "stripe_pid": ""}}, {"model": "checkout.order", "pk": 7, "fields": {"order_number": "01430928C59D497FA6076440A86DCE5B", "user_profile": null, "full_name": "test", "email": "test@test.com", "phone_number": "1234567890", "country": "Barbados", "postcode": "12345", "town_or_city": "anywhere", "street_address1": "anywhere", "street_address2": "None", "county": "anywhere", "date": "2021-07-13T13:21:22.218Z", "delivery_cost": "1.70", "order_total": "16.99", "grand_total": "18.69", "original_bag": "", "stripe_pid": ""}}, {"model": "checkout.order", "pk": 8, "fields": {"order_number": "EC22DBB6FF1D49DBAA206681FE4CC2C9", "user_profile": null, "full_name": "test", "email": "test@test.com", "phone_number": "1234567890", "country": "Barbados", "postcode": "12345", "town_or_city": "anywhere", "street_address1": "anywhere", "street_address2": "None", "county": "anywhere", "date": "2021-07-13T13:51:03.609Z", "delivery_cost": "0.00", "order_total": "84.95", "grand_total": "84.95", "original_bag": "", "stripe_pid": ""}}, {"model": "checkout.order", "pk": 9, "fields": {"order_number": "4CF46137A66E45E7AA8E377FCCDABC61", "user_profile": null, "full_name": "test", "email": "test@test.com", "phone_number": "1234567890", "country": "Barbados", "postcode": "12345", "town_or_city": "anywhere", "street_address1": "anywhere", "street_address2": null, "county": "anywhere", "date": "2021-07-13T13:52:19.898Z", "delivery_cost": "0.00", "order_total": "84.95", "grand_total": "84.95", "original_bag": "", "stripe_pid": ""}}, {"model": "checkout.order", "pk": 10, "fields": {"order_number": "C42670CCFD1D462E93229E3252812E61", "user_profile": null, "full_name": "test", "email": "test@test.com", "phone_number": "1234567890", "country": "Barbados", "postcode": "12345", "town_or_city": "anywhere", "street_address1": "anywhere", "street_address2": null, "county": "anywhere", "date": "2021-07-13T13:54:19.095Z", "delivery_cost": "2.00", "order_total": "20.00", "grand_total": "22.00", "original_bag": "", "stripe_pid": ""}}, {"model": "checkout.order", "pk": 11, "fields": {"order_number": "B08746C5CC574A62927146FE3CB95ECE", "user_profile": null, "full_name": "test", "email": "test@test.com", "phone_number": "1234567890", "country": "Barbados", "postcode": "12345", "town_or_city": "anywhere", "street_address1": "anywhere", "street_address2": "None", "county": "anywhere", "date": "2021-07-13T14:13:53.689Z", "delivery_cost": "0.00", "order_total": "69.99", "grand_total": "69.99", "original_bag": "", "stripe_pid": ""}}, {"model": "checkout.order", "pk": 12, "fields": {"order_number": "80CE9F0940044C2FB2E4ACEF927C2165", "user_profile": null, "full_name": "test", "email": "test@test.com", "phone_number": "1234567890", "country": "Barbados", "postcode": "12345", "town_or_city": "anywhere", "street_address1": "anywhere", "street_address2": "None", "county": "anywhere", "date": "2021-07-13T14:16:46.232Z", "delivery_cost": "0.00", "order_total": "50.97", "grand_total": "50.97", "original_bag": "", "stripe_pid": ""}}, {"model": "checkout.order", "pk": 13, "fields": {"order_number": "F9DB2472819E447EB04D1704BB8142E3", "user_profile": null, "full_name": "test", "email": "test@test.com", "phone_number": "1234567890", "country": "Barbados", "postcode": "12345", "town_or_city": "anywhere", "street_address1": "anywhere", "street_address2": "None", "county": "anywhere", "date": "2021-07-13T17:18:04.020Z", "delivery_cost": "1.70", "order_total": "16.99", "grand_total": "18.69", "original_bag": "", "stripe_pid": ""}}, {"model": "checkout.order", "pk": 14, "fields": {"order_number": "A81D52572D5741BBAC1F92EF340D62CF", "user_profile": null, "full_name": "test", "email": "test@test.com", "phone_number": "1234567890", "country": "Barbados", "postcode": "12345", "town_or_city": "anywhere", "street_address1": "anywhere", "street_address2": "None", "county": "anywhere", "date": "2021-07-13T17:54:06.451Z", "delivery_cost": "0.00", "order_total": "69.99", "grand_total": "69.99", "original_bag": "", "stripe_pid": ""}}, {"model": "checkout.order", "pk": 15, "fields": {"order_number": "451E0D277EE54413B7657675D32E89C0", "user_profile": null, "full_name": "test", "email": "test@test.com", "phone_number": "1234567890", "country": "Barbados", "postcode": "12345", "town_or_city": "anywhere", "street_address1": "anywhere", "street_address2": "None", "county": "anywhere", "date": "2021-07-13T18:30:14.171Z", "delivery_cost": "1.70", "order_total": "16.99", "grand_total": "18.69", "original_bag": "", "stripe_pid": ""}}, {"model": "checkout.order", "pk": 16, "fields": {"order_number": "9F94C82C58EC48158B8702749F1375F9", "user_profile": null, "full_name": "test", "email": "test@test.com", "phone_number": "1234567890", "country": "Barbados", "postcode": "12345", "town_or_city": "anywhere", "street_address1": "anywhere", "street_address2": "None", "county": "anywhere", "date": "2021-07-14T11:38:48.176Z", "delivery_cost": "0.00", "order_total": "165.90", "grand_total": "165.90", "original_bag": "", "stripe_pid": ""}}, {"model": "checkout.order", "pk": 17, "fields": {"order_number": "B3CD03E605F34B23AAF4C706037EF34D", "user_profile": null, "full_name": "test", "email": "test@test.com", "phone_number": "1234567890", "country": "US", "postcode": "12345", "town_or_city": "anywhere", "street_address1": "anywhere", "street_address2": "None", "county": "anywhere", "date": "2021-07-14T13:50:30.342Z", "delivery_cost": "0.00", "order_total": "72.97", "grand_total": "72.97", "original_bag": "", "stripe_pid": ""}}, {"model": "checkout.order", "pk": 18, "fields": {"order_number": "F7670906C1454DB0A15340A963B3FCA1", "user_profile": null, "full_name": "test", "email": "test@test.com", "phone_number": "1234567890", "country": "US", "postcode": "12345", "town_or_city": "anywhere", "street_address1": "anywhere", "street_address2": null, "county": "anywhere", "date": "2021-07-14T13:55:15.107Z", "delivery_cost": "0.00", "order_total": "94.98", "grand_total": "94.98", "original_bag": "", "stripe_pid": ""}}, {"model": "checkout.order", "pk": 19, "fields": {"order_number": "37C3E719D4B74BB98F4FB93E338FAAAE", "user_profile": null, "full_name": "Test bo", "email": "test@test.com", "phone_number": "1234567890", "country": "US", "postcode": "12345", "town_or_city": "anywhere", "street_address1": "anywhere", "street_address2": null, "county": "anywhere", "date": "2021-07-14T14:10:50.306Z", "delivery_cost": "0.00", "order_total": "86.98", "grand_total": "86.98", "original_bag": "", "stripe_pid": ""}}, {"model": "checkout.order", "pk": 20, "fields": {"order_number": "36FA7652998D4F96900CADC2B2168595", "user_profile": null, "full_name": "Test bo", "email": "test@test.com", "phone_number": "1234567890", "country": "US", "postcode": "12345", "town_or_city": "anywhere", "street_address1": "anywhere", "street_address2": null, "county": "anywhere", "date": "2021-07-14T14:15:22.744Z", "delivery_cost": "0.00", "order_total": "92.98", "grand_total": "92.98", "original_bag": "", "stripe_pid": ""}}, {"model": "checkout.order", "pk": 21, "fields": {"order_number": "8B752744FBA8481EBF41ABBA84240D12", "user_profile": null, "full_name": "test", "email": "test@test.com", "phone_number": "1234567890", "country": "US", "postcode": "12345", "town_or_city": "anywhere", "street_address1": "anywhere", "street_address2": null, "county": "anywhere", "date": "2021-07-14T14:42:21.101Z", "delivery_cost": "0.00", "order_total": "209.97", "grand_total": "209.97", "original_bag": "", "stripe_pid": ""}}, {"model": "checkout.order", "pk": 22, "fields": {"order_number": "322ACE6814004B8BAB77416426C18316", "user_profile": null, "full_name": "test", "email": "test@test.com", "phone_number": "1234567890", "country": "US", "postcode": "12345", "town_or_city": "anywhere", "street_address1": "anywhere", "street_address2": null, "county": "anywhere", "date": "2021-07-14T14:45:32.791Z", "delivery_cost": "0.00", "order_total": "209.97", "grand_total": "209.97", "original_bag": "", "stripe_pid": ""}}, {"model": "checkout.order", "pk": 23, "fields": {"order_number": "827FD14238C24B74B4144219D937818E", "user_profile": null, "full_name": "Antanas", "email": "antanas.oggo@gmail.com", "phone_number": "123456789", "country": "US", "postcode": "123456", "town_or_city": "Bray", "street_address1": "45 E Alaska", "street_address2": null, "county": "Wicklow", "date": "2021-07-14T14:55:19.745Z", "delivery_cost": "2.40", "order_total": "24.00", "grand_total": "26.40", "original_bag": "", "stripe_pid": ""}}, {"model": "checkout.order", "pk": 24, "fields": {"order_number": "4C0C2DE882534D46B5CD246897970382", "user_profile": null, "full_name": "asass", "email": "igor.basuga@gmail.com", "phone_number": "123456987", "country": "HR", "postcode": "10000", "town_or_city": "Zagreb", "street_address1": "Somestreet 6", "street_address2": null, "county": "Zagreb", "date": "2021-07-14T15:42:34.119Z", "delivery_cost": "0.40", "order_total": "3.99", "grand_total": "4.39", "original_bag": "", "stripe_pid": ""}}, {"model": "checkout.order", "pk": 25, "fields": {"order_number": "700889A43B514B41941EED1B20B8AE2C", "user_profile": null, "full_name": "Antanas", "email": "Gailius@test.com", "phone_number": "895623412", "country": "US", "postcode": "12345678", "town_or_city": "Bray", "street_address1": "10 E Barbar", "street_address2": null, "county": "Wicklow", "date": "2021-07-14T15:48:56.396Z", "delivery_cost": "0.40", "order_total": "4.00", "grand_total": "4.40", "original_bag": "", "stripe_pid": ""}}, {"model": "checkout.order", "pk": 26, "fields": {"order_number": "E27335F0C7724C938D1F21BA55E1BCCF", "user_profile": null, "full_name": "test", "email": "test@test.com", "phone_number": "1234567890", "country": "US", "postcode": "12345", "town_or_city": "anywhere", "street_address1": "anywhere", "street_address2": null, "county": "anywhere", "date": "2021-07-15T11:46:56.387Z", "delivery_cost": "1.70", "order_total": "16.99", "grand_total": "18.69", "original_bag": "{\"2\": {\"items_by_size\": {\"m\": 1}}}", "stripe_pid": "pi_1JDT0ZDq6Ek3HX07SaaCjv02"}}, {"model": "checkout.order", "pk": 27, "fields": {"order_number": "27E55BFA39954122A935EB432D39817C", "user_profile": null, "full_name": "test", "email": "test@test.com", "phone_number": "1234567890", "country": "US", "postcode": "12345", "town_or_city": "anywhere", "street_address1": "anywhere", "street_address2": null, "county": "anywhere", "date": "2021-07-15T11:49:38.668Z", "delivery_cost": "1.70", "order_total": "16.99", "grand_total": "18.69", "original_bag": "{\"3\": {\"items_by_size\": {\"m\": 1}}}", "stripe_pid": "pi_1JDT44Dq6Ek3HX07Tvqz73BO"}}, {"model": "checkout.order", "pk": 28, "fields": {"order_number": "C47ACDB922B7413BAD3E595EFBA55574", "user_profile": null, "full_name": "test", "email": "test@test.com", "phone_number": "1234567890", "country": "US", "postcode": "12345", "town_or_city": "anywhere", "street_address1": "anywhere", "street_address2": null, "county": "anywhere", "date": "2021-07-15T11:52:07.879Z", "delivery_cost": "2.30", "order_total": "22.99", "grand_total": "25.29", "original_bag": "{\"8\": {\"items_by_size\": {\"m\": 1}}}", "stripe_pid": "pi_1JDT6RDq6Ek3HX079ZJWBRWD"}}, {"model": "checkout.order", "pk": 29, "fields": {"order_number": "778237BB37E844EE9104EEB0E1627DC1", "user_profile": null, "full_name": "test", "email": "test@test.com", "phone_number": "1234567890", "country": "US", "postcode": "12345", "town_or_city": "anywhere", "street_address1": "anywhere", "street_address2": null, "county": "anywhere", "date": "2021-07-15T11:56:11.572Z", "delivery_cost": "1.70", "order_total": "16.99", "grand_total": "18.69", "original_bag": "{\"11\": 1}", "stripe_pid": "pi_1JDTAODq6Ek3HX07ehN8j24X"}}, {"model": "checkout.order", "pk": 30, "fields": {"order_number": "9CA5B1D335C44467939AD11E7D97042C", "user_profile": null, "full_name": "test", "email": "test@test.com", "phone_number": "1234567890", "country": "US", "postcode": "12345", "town_or_city": "anywhere", "street_address1": "anywhere", "street_address2": null, "county": "anywhere", "date": "2021-07-15T11:58:13.459Z", "delivery_cost": "0.80", "order_total": "8.00", "grand_total": "8.80", "original_bag": "{\"7\": {\"items_by_size\": {\"m\": 1}}}", "stripe_pid": "pi_1JDTCRDq6Ek3HX07hjIDDikn"}}, {"model": "checkout.order", "pk": 31, "fields": {"order_number": "E0F078EFF1AC4F339C7FF2E220B07986", "user_profile": null, "full_name": "test", "email": "test@test.com", "phone_number": "1234567890", "country": "US", "postcode": "12345", "town_or_city": "anywhere", "street_address1": "anywhere", "street_address2": null, "county": "anywhere", "date": "2021-07-15T11:58:57.869Z", "delivery_cost": "0.40", "order_total": "4.00", "grand_total": "4.40", "original_bag": "{\"12\": 1}", "stripe_pid": "pi_1JDTD8Dq6Ek3HX07hSGvU5ud"}}, {"model": "checkout.order", "pk": 32, "fields": {"order_number": "74D5F7534EE24657B434EFDBD63D448A", "user_profile": null, "full_name": "Test bo", "email": "test@test.com", "phone_number": "1234567890", "country": "US", "postcode": "12345", "town_or_city": "anywhere", "street_address1": "anywhere", "street_address2": null, "county": "anywhere", "date": "2021-07-16T10:18:11.129Z", "delivery_cost": "0.00", "order_total": "69.99", "grand_total": "69.99", "original_bag": "{\"13\": 1}", "stripe_pid": "pi_1JDo6xDq6Ek3HX07wzlZ6ANU"}}, {"model": "checkout.order", "pk": 33, "fields": {"order_number": "49725FBC02754C659B4A8D667D6E7F49", "user_profile": null, "full_name": "Antanas", "email": "Gailius@test.com", "phone_number": "0895623412", "country": "IE", "postcode": "12345678", "town_or_city": "Bray", "street_address1": "10 E Barbar", "street_address2": null, "county": "Wicklow", "date": "2021-07-16T10:21:43.847Z", "delivery_cost": "0.40", "order_total": "4.00", "grand_total": "4.40", "original_bag": "{\"12\": 1}", "stripe_pid": "pi_1JDo9UDq6Ek3HX07Sd7NAf4P"}}, {"model": "checkout.order", "pk": 34, "fields": {"order_number": "0EFA0F92AE054D97B36B094447A93CF4", "user_profile": 2, "full_name": "test", "email": "test@test.com", "phone_number": "1234567890", "country": "BB", "postcode": "12345", "town_or_city": "anywhere", "street_address1": "anywhere", "street_address2": "None", "county": "anywhere", "date": "2021-07-19T12:00:17.341Z", "delivery_cost": "0.40", "order_total": "3.99", "grand_total": "4.39", "original_bag": "{\"5\": {\"items_by_size\": {\"m\": 1}}}", "stripe_pid": "pi_1JEv8ADq6Ek3HX07L8bBXG7c"}}, {"model": "checkout.order", "pk": 35, "fields": {"order_number": "E9D22B24D6C24F3AA0FEACA6F9ADF881", "user_profile": 1, "full_name": "Andrius Siup", "email": "andrius.siupinys@gmail.com", "phone_number": "0852392272", "country": "IE", "postcode": "A98 Ry28", "town_or_city": "Bray", "street_address1": "11 E", "street_address2": "Albert Walk", "county": "Wicklow", "date": "2021-07-19T13:44:13.245Z", "delivery_cost": "1.70", "order_total": "16.99", "grand_total": "18.69", "original_bag": "{\"11\": 1}", "stripe_pid": "pi_1JEwk2Dq6Ek3HX07FW6E0nC5"}}, {"model": "checkout.order", "pk": 36, "fields": {"order_number": "73C01FD3D78F4B738D2493EBAAF60E7B", "user_profile": 1, "full_name": "Antanas Ra", "email": "andrius.siupinys@gmail.com", "phone_number": "0852392272", "country": "IE", "postcode": "A98 Ry28", "town_or_city": "Bray", "street_address1": "11 E", "street_address2": "Albert Walk", "county": "Wicklow", "date": "2021-07-19T14:15:24.317Z", "delivery_cost": "0.40", "order_total": "3.99", "grand_total": "4.39", "original_bag": "{\"5\": {\"items_by_size\": {\"m\": 1}}}", "stripe_pid": "pi_1JEwmFDq6Ek3HX07MlV4qtTz"}}, {"model": "checkout.order", "pk": 37, "fields": {"order_number": "D484F98AE79B468FBBA76C36659C4DCA", "user_profile": 1, "full_name": "Aliona Be", "email": "andrius.siupinys@gmail.com", "phone_number": "0852392272", "country": "IE", "postcode": "A98 Ry28", "town_or_city": "Bray", "street_address1": "11 E", "street_address2": "Albert Walk", "county": "Wicklow", "date": "2021-07-19T14:16:09.610Z", "delivery_cost": "0.50", "order_total": "4.99", "grand_total": "5.49", "original_bag": "{\"9\": {\"items_by_size\": {\"m\": 1}}}", "stripe_pid": "pi_1JExG6Dq6Ek3HX07lDjPaoIE"}}, {"model": "checkout.order", "pk": 38, "fields": {"order_number": "33A099881707483B977E73B9F5EF8852", "user_profile": 1, "full_name": "Kazys Bro", "email": "andrius.siupinys@gmail.com", "phone_number": "0852392272", "country": "ID", "postcode": "A98 Ry28", "town_or_city": "Bray", "street_address1": "11 E", "street_address2": "Albert Walk", "county": "Wicklow", "date": "2021-07-19T14:20:03.656Z", "delivery_cost": "1.70", "order_total": "16.99", "grand_total": "18.69", "original_bag": "{\"3\": {\"items_by_size\": {\"m\": 1}}}", "stripe_pid": "pi_1JExJeDq6Ek3HX073KVm4RdC"}}, {"model": "checkout.order", "pk": 39, "fields": {"order_number": "2B718FAA515F410E8D33A8F53DA54AC5", "user_profile": 1, "full_name": "Kiesa Po", "email": "andrius.siupinys@gmail.com", "phone_number": "0852392272", "country": "ID", "postcode": "A98 Ry28", "town_or_city": "Bray", "street_address1": "11 E", "street_address2": "Albert Walk", "county": "Wicklow", "date": "2021-07-19T14:22:03.978Z", "delivery_cost": "2.30", "order_total": "22.99", "grand_total": "25.29", "original_bag": "{\"8\": {\"items_by_size\": {\"m\": 1}}}", "stripe_pid": "pi_1JExLmDq6Ek3HX074jnIRXS9"}}, {"model": "checkout.order", "pk": 40, "fields": {"order_number": "14DFB71388B546D0884D8F64D3FCEC13", "user_profile": null, "full_name": "test", "email": "test@test.com", "phone_number": "1234567890", "country": "BB", "postcode": "12345", "town_or_city": "anywhere", "street_address1": "anywhere", "street_address2": "None", "county": "anywhere", "date": "2021-07-19T14:26:11.746Z", "delivery_cost": "0.40", "order_total": "4.00", "grand_total": "4.40", "original_bag": "{\"12\": 1}", "stripe_pid": "pi_1JExPlDq6Ek3HX07Yo3SKUlK"}}, {"model": "checkout.order", "pk": 41, "fields": {"order_number": "624CBBD2B7B742D595784D4645EBC925", "user_profile": 1, "full_name": "Kestas Do", "email": "andrius.siupinys@gmail.com", "phone_number": "0852392272", "country": "ID", "postcode": "A98 Ry28", "town_or_city": "Bray", "street_address1": "11 E", "street_address2": "Albert Walk", "county": "Wicklow", "date": "2021-07-19T17:19:43.496Z", "delivery_cost": "0.80", "order_total": "8.00", "grand_total": "8.80", "original_bag": "{\"7\": {\"items_by_size\": {\"m\": 1}}}", "stripe_pid": "pi_1JF07jDq6Ek3HX07eS3YEe0V"}}, {"model": "checkout.order", "pk": 42, "fields": {"order_number": "D4B3B86E299D424D8F2BCF6818637E1C", "user_profile": 1, "full_name": "Ryza Bo", "email": "andrius.siupinys@gmail.com", "phone_number": "0852392272", "country": "ID", "postcode": "A98 Ry28", "town_or_city": "Bray", "street_address1": "11 E", "street_address2": "Albert Walk", "county": "Wicklow", "date": "2021-07-19T17:41:40.379Z", "delivery_cost": "0.00", "order_total": "0.00", "grand_total": "0.00", "original_bag": "{\"1\": {\"items_by_size\": {\"m\": 1}}}", "stripe_pid": "pi_1JF0SwDq6Ek3HX07FDFbiQed"}}, {"model": "checkout.order", "pk": 43, "fields": {"order_number": "3DA192ED87AE481ABA95EC995598280F", "user_profile": 1, "full_name": "Andrius Siu", "email": "andrius.siupinys@gmail.com", "phone_number": "0852392272", "country": "ID", "postcode": "A98 Ry28", "town_or_city": "Bray", "street_address1": "11 E", "street_address2": "Albert Walk", "county": "Wicklow", "date": "2021-07-20T11:38:33.542Z", "delivery_cost": "0.40", "order_total": "3.99", "grand_total": "4.39", "original_bag": "{\"5\": {\"items_by_size\": {\"m\": 1}}}", "stripe_pid": "pi_1JFHH6Dq6Ek3HX07ooq6rQHP"}}, {"model": "checkout.orderlineitem", "pk": 6, "fields": {"order": 3, "product": 11, "product_size": null, "quantity": 1, "lineitem_total": "16.99"}}, {"model": "checkout.orderlineitem", "pk": 7, "fields": {"order": 4, "product": 4, "product_size": "m", "quantity": 4, "lineitem_total": "67.96"}}, {"model": "checkout.orderlineitem", "pk": 8, "fields": {"order": 5, "product": 5, "product_size": "m", "quantity": 6, "lineitem_total": "23.94"}}, {"model": "checkout.orderlineitem", "pk": 9, "fields": {"order": 6, "product": 8, "product_size": "m", "quantity": 2, "lineitem_total": "45.98"}}, {"model": "checkout.orderlineitem", "pk": 10, "fields": {"order": 7, "product": 2, "product_size": "m", "quantity": 1, "lineitem_total": "16.99"}}, {"model": "checkout.orderlineitem", "pk": 11, "fields": {"order": 8, "product": 2, "product_size": "m", "quantity": 5, "lineitem_total": "84.95"}}, {"model": "checkout.orderlineitem", "pk": 12, "fields": {"order": 9, "product": 2, "product_size": "m", "quantity": 5, "lineitem_total": "84.95"}}, {"model": "checkout.orderlineitem", "pk": 13, "fields": {"order": 10, "product": 12, "product_size": null, "quantity": 5, "lineitem_total": "20.00"}}, {"model": "checkout.orderlineitem", "pk": 14, "fields": {"order": 11, "product": 13, "product_size": null, "quantity": 1, "lineitem_total": "69.99"}}, {"model": "checkout.orderlineitem", "pk": 15, "fields": {"order": 12, "product": 2, "product_size": "m", "quantity": 3, "lineitem_total": "50.97"}}, {"model": "checkout.orderlineitem", "pk": 16, "fields": {"order": 13, "product": 3, "product_size": "m", "quantity": 1, "lineitem_total": "16.99"}}, {"model": "checkout.orderlineitem", "pk": 17, "fields": {"order": 14, "product": 13, "product_size": null, "quantity": 1, "lineitem_total": "69.99"}}, {"model": "checkout.orderlineitem", "pk": 18, "fields": {"order": 15, "product": 4, "product_size": "m", "quantity": 1, "lineitem_total": "16.99"}}, {"model": "checkout.orderlineitem", "pk": 19, "fields": {"order": 16, "product": 3, "product_size": null, "quantity": 1, "lineitem_total": "16.99"}}, {"model": "checkout.orderlineitem", "pk": 20, "fields": {"order": 16, "product": 10, "product_size": null, "quantity": 6, "lineitem_total": "29.94"}}, {"model": "checkout.orderlineitem", "pk": 21, "fields": {"order": 16, "product": 8, "product_size": null, "quantity": 1, "lineitem_total": "22.99"}}, {"model": "checkout.orderlineitem", "pk": 22, "fields": {"order": 16, "product": 5, "product_size": null, "quantity": 1, "lineitem_total": "3.99"}}, {"model": "checkout.orderlineitem", "pk": 23, "fields": {"order": 16, "product": 6, "product_size": null, "quantity": 1, "lineitem_total": "22.00"}}, {"model": "checkout.orderlineitem", "pk": 24, "fields": {"order": 16, "product": 13, "product_size": null, "quantity": 1, "lineitem_total": "69.99"}}, {"model": "checkout.orderlineitem", "pk": 25, "fields": {"order": 17, "product": 3, "product_size": "m", "quantity": 1, "lineitem_total": "16.99"}}, {"model": "checkout.orderlineitem", "pk": 26, "fields": {"order": 17, "product": 4, "product_size": "m", "quantity": 2, "lineitem_total": "33.98"}}, {"model": "checkout.orderlineitem", "pk": 27, "fields": {"order": 17, "product": 6, "product_size": "m", "quantity": 1, "lineitem_total": "22.00"}}, {"model": "checkout.orderlineitem", "pk": 28, "fields": {"order": 18, "product": 7, "product_size": "m", "quantity": 1, "lineitem_total": "8.00"}}, {"model": "checkout.orderlineitem", "pk": 29, "fields": {"order": 18, "product": 11, "product_size": null, "quantity": 1, "lineitem_total": "16.99"}}, {"model": "checkout.orderlineitem", "pk": 30, "fields": {"order": 18, "product": 13, "product_size": null, "quantity": 1, "lineitem_total": "69.99"}}, {"model": "checkout.orderlineitem", "pk": 31, "fields": {"order": 19, "product": 13, "product_size": null, "quantity": 1, "lineitem_total": "69.99"}}, {"model": "checkout.orderlineitem", "pk": 32, "fields": {"order": 19, "product": 4, "product_size": "m", "quantity": 1, "lineitem_total": "16.99"}}, {"model": "checkout.orderlineitem", "pk": 33, "fields": {"order": 20, "product": 13, "product_size": null, "quantity": 1, "lineitem_total": "69.99"}}, {"model": "checkout.orderlineitem", "pk": 34, "fields": {"order": 20, "product": 8, "product_size": "m", "quantity": 1, "lineitem_total": "22.99"}}, {"model": "checkout.orderlineitem", "pk": 35, "fields": {"order": 21, "product": 13, "product_size": null, "quantity": 3, "lineitem_total": "209.97"}}, {"model": "checkout.orderlineitem", "pk": 36, "fields": {"order": 22, "product": 13, "product_size": null, "quantity": 3, "lineitem_total": "209.97"}}, {"model": "checkout.orderlineitem", "pk": 37, "fields": {"order": 23, "product": 12, "product_size": null, "quantity": 6, "lineitem_total": "24.00"}}, {"model": "checkout.orderlineitem", "pk": 38, "fields": {"order": 24, "product": 5, "product_size": "m", "quantity": 1, "lineitem_total": "3.99"}}, {"model": "checkout.orderlineitem", "pk": 39, "fields": {"order": 25, "product": 12, "product_size": null, "quantity": 1, "lineitem_total": "4.00"}}, {"model": "checkout.orderlineitem", "pk": 40, "fields": {"order": 26, "product": 2, "product_size": "m", "quantity": 1, "lineitem_total": "16.99"}}, {"model": "checkout.orderlineitem", "pk": 41, "fields": {"order": 27, "product": 3, "product_size": "m", "quantity": 1, "lineitem_total": "16.99"}}, {"model": "checkout.orderlineitem", "pk": 42, "fields": {"order": 28, "product": 8, "product_size": "m", "quantity": 1, "lineitem_total": "22.99"}}, {"model": "checkout.orderlineitem", "pk": 43, "fields": {"order": 29, "product": 11, "product_size": null, "quantity": 1, "lineitem_total": "16.99"}}, {"model": "checkout.orderlineitem", "pk": 44, "fields": {"order": 30, "product": 7, "product_size": "m", "quantity": 1, "lineitem_total": "8.00"}}, {"model": "checkout.orderlineitem", "pk": 45, "fields": {"order": 31, "product": 12, "product_size": null, "quantity": 1, "lineitem_total": "4.00"}}, {"model": "checkout.orderlineitem", "pk": 46, "fields": {"order": 32, "product": 13, "product_size": null, "quantity": 1, "lineitem_total": "69.99"}}, {"model": "checkout.orderlineitem", "pk": 47, "fields": {"order": 33, "product": 12, "product_size": null, "quantity": 1, "lineitem_total": "4.00"}}, {"model": "checkout.orderlineitem", "pk": 48, "fields": {"order": 34, "product": 5, "product_size": "m", "quantity": 1, "lineitem_total": "3.99"}}, {"model": "checkout.orderlineitem", "pk": 49, "fields": {"order": 35, "product": 11, "product_size": null, "quantity": 1, "lineitem_total": "16.99"}}, {"model": "checkout.orderlineitem", "pk": 50, "fields": {"order": 36, "product": 5, "product_size": "m", "quantity": 1, "lineitem_total": "3.99"}}, {"model": "checkout.orderlineitem", "pk": 51, "fields": {"order": 37, "product": 9, "product_size": "m", "quantity": 1, "lineitem_total": "4.99"}}, {"model": "checkout.orderlineitem", "pk": 52, "fields": {"order": 38, "product": 3, "product_size": "m", "quantity": 1, "lineitem_total": "16.99"}}, {"model": "checkout.orderlineitem", "pk": 53, "fields": {"order": 39, "product": 8, "product_size": "m", "quantity": 1, "lineitem_total": "22.99"}}, {"model": "checkout.orderlineitem", "pk": 54, "fields": {"order": 40, "product": 12, "product_size": null, "quantity": 1, "lineitem_total": "4.00"}}, {"model": "checkout.orderlineitem", "pk": 55, "fields": {"order": 41, "product": 7, "product_size": "m", "quantity": 1, "lineitem_total": "8.00"}}, {"model": "checkout.orderlineitem", "pk": 57, "fields": {"order": 43, "product": 5, "product_size": "m", "quantity": 1, "lineitem_total": "3.99"}}, {"model": "profiles.userprofile", "pk": 1, "fields": {"user": 1, "default_phone_number": "0852392272", "default_street_address1": "11 E", "default_street_address2": "Albert Walk", "default_town_or_city": "Bray", "default_county": "Wicklow", "default_postcode": "A98 Ry28", "default_country": "ID"}}, {"model": "profiles.userprofile", "pk": 2, "fields": {"user": 2, "default_phone_number": "1234567890", "default_street_address1": "anywhere", "default_street_address2": "None", "default_town_or_city": "anywhere", "default_county": "anywhere", "default_postcode": "12345", "default_country": "BB"}}]